영단어,동의어,뜻
"abash","","[낮추다] 무안하게 하다, 당황케 하다"
"abate","","[떨어뜨리다] 줄이다, 약화시키다"
"abet","","[부추기다] 종용하다, 부추기다"
"abeyance","","[멈추다] 정지, 중단, 보류"
"abhorrence","","[떨다] 혐오, 싫음"
"abhorrent","","[떨다] 혐오스러운, 불쾌한"
"abhorrer","","[떨다] 혐오하는 사람"
"abject","","[내던지다] 비참한, 비굴한"
"abjure","renounce","[맹세 버리다] 포기하다, 철회하다"
"abjure","repudiate","[맹세 버리다] 부인하다, 버리다"
"abnegate","","[거절하다] 포기하다, 금욕하다"
"abominate","","[불길하다] 몹시 싫어하다, 혐오하다"
"abound","proliferate","[넘치다] 풍부하다, 넘쳐흐르다"
"absolve","exonerate","[풀다] 책임을 면하다, 용서하다"
"abstemious","austere","[절제하다] 절제하는, 금욕적인"
"abstracted","divorced","[떼어내다] 정신이 딴 데 있는, 분리된"
"abstruse","esoteric","[밀어넣다] 난해한, 어려운"
"abuse","misuse","[나쁘게 쓰다] 남용하다, 학대하다"
"abysmal","","[끝없다] 최악의, 지독한, 심연의"
"accede","","[따르다] 동의하다, 응하다, 승낙하다"
"accentuate","highlight","[강조하다] 두드러지게 하다"
"accession","acquiescence","[다가가다] 취임, 동의, 접근"
"accolade","","[목에 걸다] 칭찬, 포상, 영예"
"accord","consensus","[마음 맞추다] 일치, 조화"
"accretion","","[자라다] 축적, 증가"
"accrue","","[모이다] 쌓이다, 발생하다"
"acerbic","mordant","[날카롭다] 신랄한, 과격한"
"achieve","realize","[끝내다] 달성하다, 성취하다"
"acknowledge","","[알다] 인정하다, 감사하다"
"acknowledge","recognize","[알아보다] 승인하다, 시인하다"
"acquiescent","","[가만히 있다] 묵인하는, 순순히 따르는"
"acquisition","","[얻다] 습득, 획득"
"acquisitive","","[얻으려 하다] 탐욕스러운"
"acrimonious","","[날카롭다] 험악한, 신랄한"
"acrimony","bitterness","[쏘다] 통렬함, 악다구니"
"acumen","","[날카롭다] 통찰력, 감각"
"acute","severe","[날카롭다] 예리한, 극심한"
"ad hoc","","[특별하다] 임시의, 특별한 목적"
"adamant","","[굳세다] 단호한, 완강한"
"adaptability","flexibility","[맞추다] 적응성, 융통성"
"adduce","","[이끌다] 제시하다, 인용하다"
"adept","","[얻다] 숙련된, 능숙한"
"adopt","","[취하다] 채택하다, 입양하다"
"adroit","dexterous","[손재주] 능숙한"
"adulterate","","[섞다] 불순하게 하다, 섞다"
"adversarial","antagonistic","[맞서다] 적대적인, 대립적인"
"aesthetic","","[느끼다] 미적인, 예술적인"
"affable","easygoing","[말하다] 상냥한, 붙임성 있는"
"affable","cordial","[말하다] 다정한, 친절한"
"affected","","[만들다] 꾸민, 가장된"
"affiliated","kindred","[가족/연결] 제휴된, 연관 있는"
"affinity","","[가까움] 친밀감, 유사성"
"affluent","abundant","[흐르다] 풍부한, 부유한"
"aggrandize","","[크게 하다] 확대하다, 강화하다"
"agile","nimble","[빠르다] 민첩한, 재빠른"
"airtight","","[닫다] 밀폐된, 빈틈없는"
"alacrity","","[기꺼이] 민첩함, 선뜻 나서기"
"alarm","unsettle","[놀라게 하다] 불안, 두려움"
"albeit","","[비록] ~이긴 하지만"
"allegiance","","[충성] 충성, 충실"
"allegorical","","[상징] 비유적인, 우화적인"
"alleviate","","[가볍게 하다] 완화하다, 줄이다"
"alleviate","mitigate","[가볍게 하다] 덜다, 경감하다"
"allure","","[이끌다] 매혹하다, 유혹하다"
"allusive","","[암시하다] 암시적인, 간접적인"
"aloof","","[떨어지다] 냉담한, 무관심한"
"alter","modify","[바꾸다] 바꾸다, 변경하다"
"altruism","beneficence","[남] 이타심, 이타적 행위"
"altruistic","","[남] 이타적인, 타인을 위한"
"amalgam","","[섞다] 혼합물, 결합"
"amalgamate","","[섞다] 합치다, 융합하다"
"ambient","","[둘러싸다] 주변의, 환경의"
"ambiguous","equivocal","[두 가지] 모호한, 애매한"
"ambivalent","","[양쪽] 상반된 감정, 애증이 엇갈린"
"ameliorate","","[좋게 하다] 개선하다, 개량하다"
"amorphous","","[형태 없다] 무정형의, 불분명한"
"ample","","[넓다] 충분한, 풍부한"
"amusing","","[즐겁다] 재미있는, 즐거운"
"anachronistic","","[시간 어긋나다] 시대착오적인"
"analogous","","[같다] 유사한, 비슷한"
"anathema","","[저주하다] 아주 싫은 것, 금기"
"ancillary","","[부차적] 보조의, 부수적인"
"anecdote","","[이야기] 일화, 짧은 이야기"
"anemic","","[피 없다] 무기력한, 빈혈의"
"animadversion","","[비난하다] 비난, 혹평"
"animate","","[생기 주다] 생기를 불어넣다"
"animus","","[마음] 적의, 악의"
"anneal","","[불로 달구다] 강화하다, 담금질하다"
"annihilate","destroy","[없애다] 전멸시키다, 무효화하다"
"annoying","unwelcome","[성가시다] 짜증나는, 성가신"
"annul","","[없애다] 무효로 하다, 취소하다"
"anodyne","","[위로하다] 진통제, 위안, 무해한 것"
"anomaly","aberration","[다르다] 변칙, 이례, 특이"
"anonymous","obscure","[이름 없다] 익명의, 무명의"
"antagonism","","[대립하다] 적대, 반대"
"antagonistic","adversarial","[맞서다] 적대적인, 대립하는"
"antecedent","precursor","[앞서다] 선행된 것, 전례"
"antecedent to","","[앞서다] ~보다 선행하는"
"antediluvian","archaic","[아주 옛] 태고의, 구식의"
"anthropogenic","","[사람] 인위적인, 인간이 만든"
"anthropomorphism","","[사람 형태] 의인화, 인격화"
"anticipate","prefigure","[앞보다] 예상하다, 예견하다"
"antidote","","[해독하다] 해독제, 해결책"
"antiquity","","[옛] 고대, 고대 유물"
"antithetical","","[정반대] 정반대의, 대립하는"
"attenuate","","[얇게 하다] 약화시키다, 줄이다"
"attest to","","[증명하다] 입증하다, 증언하다"
"attributed to","","[돌리다] ~의 탓으로 하다, 기인하다"
"atypical","","[특이하다] 전형적이지 않은, 이례적인"
"audacious audacity","","[대담하다] 대담한, 뻔뻔한"
"augment","extend","[늘리다] 확대하다, 증가시키다"
"august","","[위엄] 위엄 있는, 장엄한"
"auspicious","propitious","[길조] 길조의, 유리한"
"austere","","[검소하다] 엄격한, 절제된, 꾸밈없는"
"authenticated","","[진짜임] 인증된, 증명된"
"authoritative","definitive","[권위] 권위 있는, 믿을 만한"
"autocratic","","[혼자 지배] 독재적인"
"autumnal","","[가을] 가을의, 늦은 시기의"
"avant-garde","","[앞서다] 전위적인, 아방가르드"
"avaricious","rapacious","[탐하다] 탐욕스러운"
"avatar","","[화신] 구현, 상징"
"aver","assert","[확언하다] 단언하다"
"aversion","","[돌리다] 혐오, 싫음"
"avert","forestall","[돌리다] 피하다, 막다"
"avian","","[새] 새의, 조류의"
"avidity","","[갈망] 욕망, 열망"
"avow","","[말하다] 공언하다, 맹세하다"
"awkwardness","clumsiness","[서투르다] 어색함, 서투름"
"awry","","[비뚤다] 삐뚤어진, 잘못된"
"backbiter","","[뒷말하다] 중상하는 사람, 험담꾼"
"backwater","","[정체] 벽지, 침체된 곳"
"balkanize","","[쪼개다] 분열시키다"
"ballyhoo","","[시끄럽다] 떠들썩한 선전, 과대광고"
"banal","stale","[진부하다] 진부한"
"banish","expel","[쫓아내다] 추방하다"
"banter","raillery","[희롱하다] 농담, 익살"
"barren","","[비다] 불모의, 불임의"
"barring","","[제외하다] ~을 제외하고"
"baseless","untenable","[근거 없다] 근거 없는"
"bedrock","foundation","[기초] 근본, 기반"
"befuddled","","[혼란] 혼란스러운, 어리둥절한"
"beguile","","[속이다] 속이다, 현혹하다"
"belle","mask","[아름다운 여성] 미인"
"belie","contradict","[거짓 나타내다] 속이다, 모순되다"
"belittle","","[작게보다] 얕보다, 경시하다"
"bellicose","","[싸우다] 호전적인"
"belligerent","pugnacious","[싸우다] 교전 중인, 호전적인"
"bemoaned","","[슬퍼하다] 탄식하다, 한탄하다"
"bemused","","[멍하다] 어리둥절한, 당황한"
"beneficial","","[이롭다] 유익한, 이로운"
"benevolence","","[좋아하다] 자비, 선의"
"benighted","","[어둡다] 무지한, 미개한"
"berate","","[꾸짖다] 호되게 꾸짖다"
"bereft of","","[빼앗다] ~이 없는, 상실한"
"betoken","","[나타내다] ~의 징조이다, 의미하다"
"betoken","indicate","[알리다] 나타내다, 보여주다"
"betoken","portend","[예시하다] 전조가 되다"
"betray","","[드러내다] 배신하다, 무심코 드러내다"
"bland","insipid","[싱겁다] 자극 없는, 김빠진"
"blasé","","[흥미 없다] 심드렁한, 무관심한"
"blatant","","[시끄럽다] 뻔뻔스러운, 노골적인"
"bleak","","[황량하다] 암울한, 황량한"
"blemish","defect","[흠] 흠, 결점, 오점"
"blemish","","[더럽히다] 손상하다, 더럽히다"
"bludgeon","","[몽둥이] 몽둥이로 치다, 위협하다"
"bogus","","[가짜] 가짜의, 허위의"
"bolstering","supporting","[받치다] 지지하다, 강화하다"
"boon","benefit","[혜택] 혜택, 이익"
"boorish","","[거칠다] 천박한, 무례한"
"bracing","","[기운 북돋다] 상쾌한, 원기회복의"
"braggart","","[자랑하다] 허풍쟁이"
"bravado","","[허세] 허세, 허풍"
"brazen","","[놋쇠] 뻔뻔스러운, 대담한"
"brevity","","[짧다] 간결함"
"bridle","","[고삐] 억제하다, 굴레 씌우다"
"bristle","","[털 서다] 발끈하다, 곤두서다"
"brook","tolerate","[견디다] 참다, 용납하다"
"bucolic","pastoral","[들] 전원적인, 목가적인"
"bumbling","","[서투르다] 실수투성이의, 어설픈"
"buoy","","[뜨다] 기운 나게 하다, 부양하다"
"buoyant","","[뜰다] 부력이 있는, 낙천적인"
"burdensome","","[짐] 부담스러운, 무거운"
"burgeoning","expansion","[꽃피다] 급성장하는, 급증하는"
"buttress","bolster","[받치다] 지지하다, 강화하다"
"buttress","","[지지대] 지지하다, 보강하다"
"by no means","","[전혀 아니다] 결코 ~아니다"
"bypass","circumvent","[우회하다] 피하다, 돌아가다"
"byzantine","","[복잡하다] 복잡한, 뒤얽힌"
"cache","","[숨기다] 은닉처, 저장소"
"cajole","","[달래다] 감언으로 속이다"
"calamity","","[재앙] 재앙, 불행"
"callous","","[굳다] 냉혹한, 무정한"
"callow","","[미숙] 미숙한, 경험 없는"
"calm","quiescence","[고요] 고요, 평온"
"camaraderie","","[동료애] 우정, 동료애"
"camouflage","","[숨다] 위장하다, 위장"
"candor","","[솔직하다] 솔직함, 정직함"
"canned","formulaic","[틀] 판에 박힌, 진부한"
"canny","","[영리하다] 영리한, 약삭빠른"
"canonize","","[성인화] 칭송하다, 성인으로 공표하다"
"cantankerous","","[성내다] 성미 고약한, 불평 많은"
"canvass","","[호소하다] 권유하다, 선거운동하다"
"capitulate","","[항복하다] 항복하다, 굴복하다"
"capricious","impulsive","[변덕] 변덕스러운, 충동적인"
"captivate","","[사로잡다] 매혹시키다"
"capture","secure","[붙잡다] 붙잡다, 확보하다"
"carping","","[흠잡다] 트집잡는, 잔소리하는"
"castigating","chastising","[벌하다] 징계하다, 꾸짖다"
"castigating","reprimanding","[꾸짖다] 질책하다, 나무라다"
"casual","cursory","[가볍다] 대충하는, 우연한"
"cataclysmic","","[큰 변화] 격변의, 대재앙의"
"catchall","","[포괄하다] 포괄적인 것, 잡동사니"
"caterwaul","shriek","[울부짖다] 새된 소리로 울다, 항의하다"
"cease","","[멈추다] 멈추다, 중단하다"
"cede","","[양도하다] 양보하다, 할양하다"
"celebrated","renowned","[유명하다] 유명한, 저명한"
"censorious","","[비난하다] 비판적인, 까다로운"
"censure","reprehend","[비난하다] 비난하다, 책망하다"
"censure","reprimand","[꾸짖다] 질책하다, 꾸짖다"
"centrifugal","","[멀어지다] 원심의"
"challenge","","[도전하다] 도전, 문제 제기"
"champion","advocate","[지지하다] 옹호하다, 지지자"
"chariness","","[조심] 신중, 꺼림"
"chary","prudent","[신중하다] 신중한, 조심스러운"
"chastening","","[벌하다] 징계하다, 단련하다"
"chastising","","[꾸짖다] 심하게 꾸짖다"
"checking","stemming","[막다] 억제하다, 저지하다"
"chimera","illusion","[환상] 환상, 허구"
"chivalrous","","[기사] 기사도적인, 정중한"
"choleric","","[성나다] 화 잘 내는, 성급한"
"chronology","","[시간] 연대기, 연대순 배열"
"cipher","","[암호] 암호, 하찮은 것"
"circuitous","indirect","[빙돌다] 우회하는, 간접적인"
"circumlocution","","[돌려 말하다] 완곡한 표현"
"circumscribe","confine","[경계치다] 제한하다, 한정하다"
"circumvent","","[피하다] 우회하다, 빠져나가다"
"cite","","[불러내다] 인용하다, 소환하다"
"clamorous","","[시끄럽다] 떠들썩한, 시끄러운"
"clandestine","","[숨다] 은밀한, 비밀의"
"clannish","","[파벌] 배타적인, 당파적인"
"clear out","","[비우다] 치우다, 비우다"
"clement=lenient","","[관대하다] 관대한, 온화한"
"clumsy","","[서투르다] 어색한, 서투른"
"coddle","","[응석받다] 응석받이로 기르다, 과잉보호하다"
"coercion","","[강제하다] 강압, 강요"
"cogent","","[설득하다] 설득력 있는"
"coherence","","[일관] 일관성, 응집력"
"collaborate","","[함께하다] 협력하다"
"collapse","","[무너지다] 붕괴하다, 실패하다"
"collegiality","","[동료] 동료애, 협력"
"colossal","immense","[거대하다] 거대한, 엄청난"
"combine","meld","[합치다] 결합하다, 합치다"
"comity","civility","[예의] 정중함, 예절"
"commence","","[시작하다] 시작하다, 개시하다"
"commend","","[칭찬하다] 칭찬하다, 추천하다"
"commensurate","","[비례하다] 비례하는, 상응하는"
"commiserate","","[함께 슬퍼하다] 동정하다, 위로하다"
"commonplace","","[흔하다] 흔한 일, 평범한 것"
"compelling","","[끌다] 강렬한, 설득력 있는"
"complexion","","[바탕] 안색, 기질, 성격"
"complicated","knotty","[얽히다] 복잡한, 난해한"
"complimentary","","[칭찬] 칭찬의, 무료의"
"composure","","[가라앉다] 침착, 평정"
"compound","","[합하다] 합성하다, 합성물"
"comprehensive","sweeping","[포괄하다] 포괄적인, 광범위한"
"comprehensive","exhaustive","[철저하다] 철저한, 종합적인"
"compromise","impair","[타협하다] 약화시키다, 손상하다"
"compulsory","","[강제하다] 강제적인, 의무적인"
"compunction","","[찔리다] 양심의 가책, 거리낌"
"concede","acknowledge","[인정하다] 인정하다, 양보하다"
"conceivable","","[생각하다] 상상할 수 있는, 가능한"
"conciliatory","","[화해하다] 회유적인, 달래는"
"concomitant","","[함께] 동시에 일어나는, 수반되는"
"concurrent","","[함께 달리다] 동시에 존재하는, 공존하는"
"condone","","[용서하다] 묵과하다, 용서하다"
"conducive to~","","[도움] 도움이 되는"
"conflate","","[합치다] 융합하다, 혼합하다"
"confound","","[혼란] 당황하게 하다, 뒤섞다"
"confused","muddled","[뒤섞다] 혼란스러운, 어지러운"
"congeniality","","[마음 맞다] 친화성, 서로 잘 맞음"
"conjectural","speculative","[추측하다] 추측의, 억측의"
"connotation","","[암시] 함축, 내포"
"conscientiousness","","[양심] 성실함, 양심성"
"considerate","","[배려하다] 사려 깊은, 자상한"
"consign","","[맡기다] 위탁하다, 부치다"
"consistent","","[일치하다] 일관된, 일치하는"
"consolidate","","[튼튼히 하다] 강화하다, 통합하다"
"constrain","constrict","[묶다] 강요하다, 제한하다"
"constrain","","[제한하다] 구속하다, 제한하다"
"construe","interpret","[해석하다] 해석하다, 파악하다"
"consummate","","[완성하다] 완벽한, 완전한"
"contagious","","[옮기다] 전염성 있는"
"contemplate","ponder","[생각하다] 숙고하다"
"contemptuous","","[경멸하다] 경멸적인, 업신여기는"
"contend","","[싸우다] 다투다, 주장하다"
"contentious","controversial","[다투다] 논쟁적인, 다툼을 일으키는"
"contentious","tendentious","[다투다] 논쟁을 일삼는, 편향적인"
"contingent upon","","[조건] ~에 달려 있는"
"contour","","[윤곽] 윤곽, 외형"
"contradiction","","[모순] 모순, 반박"
"contravene","infringe","[위반하다] 위반하다, 침해하다"
"contravene","violate","[위배하다] 위배하다, 어기다"
"contrived","","[꾸며내다] 인위적인, 부자연스러운"
"contumacious","","[고집세다] 반항적인, 완강한"
"conundrum","enigma","[수수께끼] 난제, 수수께끼"
"convection","","[흐르다] 대류, 전달"
"conventional","","[관습] 관습적인, 전통적인"
"conversant","","[알다] 정통한, 잘 아는"
"convey (ideas)","impart","[전달하다] 전달하다, 알리다"
"convictive","persuasive","[설득] 설득력 있는"
"convoluted","","[뒤엉키다] 복잡한, 난해한"
"convoluted","tortuous","[뒤엉키다] 복잡한, 구불구불한"
"copious","","[많다] 풍부한, 다수의"
"corroborate","","[확증하다] 입증하다, 확실히 하다"
"corrosive","","[갉아먹다] 부식성의, 신랄한"
"countenance","","[얼굴/지지] 얼굴, 찬성하다"
"countermand","","[취소하다] 철회하다, 취소하다"
"counterproductive","","[역효과] 역효과의"
"coveted","enviable","[탐내다] 탐내는, 선망의 대상인"
"covetous","","[탐하다] 탐욕스러운"
"cower","","[웅크리다] 겁먹고 움츠리다"
"crassness","","[둔하다] 둔함, 어리석음"
"craven","","[겁쟁이] 비겁한, 소심한"
"credulous","trusting","[쉽게 믿다] 잘 믿는, 속기 쉬운"
"croon","","[중얼거리다] 흥얼거리다"
"crucial","critical","[결정적] 결정적인, 중대한"
"cue","","[신호] 신호, 단서"
"culmination","","[정점] 절정, 최고조"
"culpability","","[죄] 과실, 책임"
"culprit","","[죄인] 범인, 주범"
"cultivate","","[경작하다] 경작하다, 함양하다"
"cumbersome","unwieldy","[무겁다] 번거로운, 다루기 힘든"
"cursory","perfunctory","[대충] 피상적인, 형식적인"
"curt","","[짧다] 간결한, 무뚝뚝한"
"curtail","","[짧게 하다] 줄이다, 삭감하다"
"cynical","","[냉소] 냉소적인, 부정적인"
"dampen","deaden","[약하게 하다] 약화시키다, 꺾다"
"dangerous","perilous","[위험] 위험한"
"daunt","","[겁주다] 위협하다, 기 죽이다"
"dead","inactive","[죽다] 죽은, 활동하지 않는"
"dead","inert","[죽다] 죽은, 비활성의"
"dearth","","[부족] 부족, 결핍"
"debacle","","[무너짐] 붕괴, 큰 실패"
"debilitate","","[약하게 하다] 쇠약하게 하다"
"debunk","","[폭로하다] 정체를 밝히다, 허구를 폭로하다"
"decay","deterioration","[썩다] 쇠퇴, 부패"
"deceitful","","[속이다] 기만적인, 사기의"
"deceleration","","[느리게 하다] 감속, 둔화"
"decisive","unmistakable","[결정하다] 결정적인, 명백한"
"decorum","","[예절] 예절, 단정함"
"decrepit","","[낡다] 노쇠한, 노후한"
"decrepitude","","[쇠퇴] 노후, 노쇠"
"decry","","[헐뜯다] 비난하다, 깎아내리다"
"defender","proponent","[지지자] 옹호자, 지지자"
"defer","","[미루다/따르다] 연기하다, 경의를 표하다"
"deference","","[존중] 존경, 경의"
"deferential","","[존경] 공손한, 경의를 표하는"
"defied","disregarded","[거역하다] 무시하다, 반항하다"
"definitive","authoritative","[결정적] 권위있는, 최종적인"
"deflate","","[바람 빼다] 축소하다, 기를 꺾다"
"deflect","shrug off","[비끼다] 방향을 바꾸다, 비껴가다"
"deft","","[솜씨] 능숙한, 날렵한"
"defy","disregard","[거역하다] 거부하다, 반항하다"
"defied","","[무시하다] 무시되다, 거역하다"
"deign","","[값내리다] 자존심을 버리고 ~하다"
"deject","","[기 떨어지다] 낙담시키다"
"delegate","","[보내다] 위임하다, 대표"
"deleterious","","[해롭다] 해로운"
"delirious","","[정신없다] 의식 혼미한, 열광적인"
"delude","","[속이다] 속이다, 착각하게 하다"
"demanding","","[요구하다] 요구가 많은, 힘든"
"demarcation","","[경계] 경계, 구분"
"demise","","[죽다] 사망, 소멸"
"demolished","","[무너지다] 파괴된"
"demonstrate","","[보여주다] 시연하다, 증명하다"
"demur","","[반대하다] 이의를 제기하다"
"denigrate","","[헐뜯다] 비방하다, 폄하하다"
"denounce","lambaste","[비난하다] 비난하다, 규탄하다"
"denude","","[벗기다] 발가벗기다, 없애다"
"denude","","[없애다] 제거하다"
"denunciation","","[비난] 공개 비난"
"deplete","","[비우다] 고갈시키다"
"deploy","","[펼치다] 배치하다"
"depraved","","[타락하다] 타락한, 부패한"
"deprecate","","[비난하다] 반대하다, 비난하다"
"derelict","","[버리다] 방치된, 버려진"
"deride","","[비웃다] 비웃다, 조롱하다"
"derisive","","[비웃다] 조롱하는, 비웃는"
"derivative","","[파생하다] 파생된, 모방한"
"design","purposefulness","[목적] 디자인, 설계, 의도"
"despondent","","[낙심] 낙담한, 풀이 죽은"
"deteriorate","","[나빠지다] 악화되다, 쇠퇴하다"
"detest","","[싫어하다] 극도로 싫어하다"
"detract","deprecate","[가치 깎다] 손상시키다, 줄이다"
"detractor","","[헐뜯는 자] 비방자, 반대자"
"detrimental","","[해롭다] 해로운"
"deviate","mislead","[빗나가다] 벗어나다, 일탈하다"
"devious","","[우회하다] 기만적인, 교활한"
"devolve","","[넘기다] 양도하다, 위임하다"
"dexterous","nimble","[손재주] 능숙한, 솜씨 좋은"
"diagnose","","[알아채다] 진단하다"
"dialect","","[말하다] 방언, 사투리"
"diatribe","criticism","[꾸짖다] 통렬한 비난"
"diatribe","rant","[꾸짖다] 격렬한 비난, 길게 말함"
"dichotomous","contradictory","[둘로 나누다] 이분법적인, 모순적인"
"dichotomy","","[둘로 나누다] 이분법, 분할"
"dictatorial","","[말하다/명령] 독재적인, 전제적인"
"didactic","","[가르치다] 교훈적인, 가르치려 드는"
"diffident","","[믿음 부족] 소심한, 자신 없는"
"diffident","timid","[두려움] 소심한, 수줍은"
"diffuse","spread","[퍼뜨리다] 흩뿌리다, 확산시키다"
"diffusive","","[퍼지다] 확산성 있는, 산만한"
"digress","","[옆길] 탈선하다, 주제에서 벗어나다"
"digressional","","[옆길] 주제 벗어난, 탈선하는"
"dilatory","","[늦추다] 지연하는, 꾸물거리는"
"dilettante","","[취미로] 아마추어 애호가, 취미로 하는 사람"
"dim","","[어둡다] 어둑한, 희미한"
"dim","darken","[어두워지다] 흐리게 하다, 어둡게 만들다"
"diminutive","minuscule","[작다] 매우 작은"
"disabuse","","[잘못 풀다] 오해를 풀다, 바로잡다"
"disallow","","[허락X] 금지하다, 인정하지 않다"
"disarmed","","[무장 해제] 무장 해제된, 방심한"
"disarray","","[혼란] 무질서, 혼란"
"disavow","","[부정하다] 부인하다, 거부하다"
"disavow","","[부정하다] 책임 회피하다, 부인하다"
"disband","","[흩어지다] 해산하다"
"discard","","[버리다] 버리다, 폐기하다"
"discern","detect","[구별하다] 알아보다, 식별하다"
"discerned","discovered","[알아차리다] 알아챈, 발견한"
"discernible","","[보이다] 인식할 수 있는, 뚜렷한"
"discerning","","[분별하다] 통찰력 있는, 안목 있는"
"discernment","","[분별] 분별력, 판단력"
"disconcerting","","[난처] 당황하게 하는, 불안하게 하는"
"discredit","","[불신] 불신케 하다, 평판을 떨어뜨리다"
"discreet","","[조심하다] 신중한, 분별 있는"
"discrepancy","incongruity","[어긋남] 불일치, 차이"
"discrete","","[떨어지다] 분리된, 별개의"
"discretion","","[판단하다] 분별, 재량"
"discretionary","","[자유] 임의의, 자유 재량의"
"discursion","","[둘러 말하다] 산만한 말, 장황함"
"discursive","analytical","[이리저리 생각] 논증적인, 분석적인, 산만한"
"disdain","","[멸시하다] 경멸, 무시"
"disequilibrium","","[불균형] 불균형, 불안정"
"disgorge","","[토하다] 토하다, 쏟아내다"
"disinclined to","","[마음X] 내키지 않는, 꺼리는"
"disinformation","mendacity","[거짓정보] 허위정보"
"disingenuous","","[솔직X] 솔직하지 못한, 부정직한"
"disinterested","impartial","[관심없음] 공정한, 사심 없는"
"disjunctive","dividing","[떨어지다] 분리하는, 분리적인"
"dismal","","[암울] 우울한, 음침한"
"dismantle","","[해체] 분해하다, 해체하다"
"dismiss","","[내쫓다] 해고하다, 묵살하다"
"dismissive","","[경멸] 무시하는, 경시하는"
"disparage","slight","[깎아내리다] 비하하다, 얕보다"
"disparaging","","[비난] 경멸적인, 얕보는"
"disparate","","[떨어지다] 이질적인, 전혀 다른"
"disparity","variance","[차이] 불균형, 격차"
"dispassionate","","[감정X] 냉정한, 공정한"
"dispatch","celerity","[빠르다] 신속, 특파하다"
"dispatch","expedition","[보내다] 급파하다, 파견"
"dispel","","[쫓다] 쫓아버리다, 없애다"
"dispense with","","[없애다] ~없이 지내다, 무시하다"
"dispirited","","[기운 없다] 낙담한, 풀이 죽은"
"displeased","","[불만] 불쾌한, 기분 상한"
"disregard","defy","[무시하다] 무시하다, 소홀히 하다"
"disrupt","","[깨뜨리다] 방해하다, 혼란시키다"
"disseminate","transmit","[퍼뜨리다] 보급하다, 유포하다"
"dissent","","[반대] 반대하다, 이의제기하다"
"dissident","","[의견 다른] 반체제 인사, 반대자"
"distasteful","","[싫다] 불쾌한, 안 맞는"
"distend","","[부풀리다] 팽창하다, 부풀다"
"distinct","discrete","[구분되다] 뚜렷한, 별개의"
"distort","","[비틀다] 왜곡하다"
"diverge","","[갈라지다] 갈라지다, 빗나가다"
"divergent","disparate","[달라지다] 갈라지는, 다른"
"divisive","","[나누다] 분열을 일으키는"
"dogmatic","","[주장하다] 독단적인"
"dormant","","[잠들다] 휴면 중의, 활동하지 않는"
"doubted","questioned","[의심하다] 의심되는, 의문시된"
"dour","","[엄한] 시무룩한, 엄한"
"douse","extinguish","[물 끼얹다] 끄다, 적시다"
"dovish","peaceful","[평화] 비둘기파의, 평화적인"
"downplay","","[축소] 경시하다, 폄하하다"
"draconian","","[가혹] 가혹한"
"drawback","","[뒤로 끌다] 결점, 약점"
"dreary","tedious","[지루하다] 음울한, 지루한"
"drollness","","[우스꽝] 익살, 우스꽝스러움"
"dubious","","[의심] 의심스러운"
"dumbfounded","","[놀라 벙벙] 어안이 벙벙한"
"dwindling","contracting","[줄다] 줄어드는, 감소하는"
"easygoing","","[느긋하다] 태평한, 느긋한"
"ebb","","[빠지다] (물·힘·상태가) 빠지다, 쇠퇴하다"
"ebullient","","[끓다] 열광적인, 패기만만한"
"eccentric","","[밖으로 벗어나다] 별난, 괴짜의"
"eclectic","","[골라모으다] 절충적인, 다양한"
"ecstasy","euphoria","[벅차다] 황홀, 무아지경"
"ecumenical","","[보편] 전세계적인, 보편적인"
"edible","","[먹을 수 있음] 먹을 수 있는"
"edifying","","[가르치다] 교훈적인, 유익한"
"efface","","[지우다] 지우다, 없애다"
"efficacy","","[효과] 효능, 효과"
"effrontery","","[뻔뻔] 뻔뻔스러움, 무례"
"effusive","emotional","[쏟다] 감정적인, 과장된"
"effusive","","[넘쳐흐르다] (감정) 과장된, 넘치는"
"egalitarian","","[평등] 평등주의의"
"egregious","flagrant","[튀다] 지독한, 엄청난"
"elaborate","","[정성들이다] 정교한, 상세한"
"elementary","rudimentary","[기본] 기초적인, 초보의"
"elicit","draw","[이끌어내다] 이끌어내다, 끌어내다"
"elicit","evoke","[불러내다] (감정) 불러일으키다"
"elucidate","","[밝히다] 해명하다, 설명하다"
"elusive","slippery","[잡히지 않다] 찾기 힘든, 이해하기 힘든"
"emblematic","totemic","[상징] 상징적인, 전형적인"
"emblematic","symbolic","[상징] 상징적인"
"emendation","revision","[고치다] 수정, 교정"
"empathy","","[같이 느끼다] 공감, 감정이입"
"empirical","","[경험] 경험적인, 실증적인"
"empiricist","","[경험] 경험주의자"
"emulate","","[본받다] 모방하다, 따라가다"
"enamor","favor","[사로잡다] 반하게 하다"
"enamored","","[사로잡히다] 매혹된, 홀린"
"encoded","","[암호화] 부호화된, 암호화된"
"encomium","tribute","[칭찬] 찬사"
"encroachment","","[침범하다] 침해, 잠식"
"encumber","","[짐] 방해하다, 부담을 지우다"
"encyclopedic","exhaustive","[모두 담다] 박식한, 전반적인"
"endemic","","[특정 지역] 지역 고유의, 풍토적인"
"endorse","","[지지하다] 지지하다, 보증하다"
"endurance","tenacity","[버티다] 인내, 끈기"
"enervate","","[약하게] 기력을 약화시키다"
"enfeeble","","[약하게] 약화시키다"
"engaging","winning","[끌다] 매력적인, 호감 가는"
"engender","","[낳다] 낳다, 발생시키다"
"enhance","","[높이다] 향상시키다"
"enigma","","[수수께끼] 수수께끼, 불가사의"
"enjoin","","[명령하다] 명하다, 금하다"
"ennui","","[지루함] 권태, 지루함"
"entangle","","[얽히다] 얽히게 하다, 말려들다"
"entice","","[끌다] 유인하다, 유혹하다"
"entrenched","","[뿌리내리다] 확립된, 견고한"
"ephemeral","short-lived","[짧다] 순식간의, 덧없는"
"epitome","","[요약하다] 전형, 요약"
"equity","","[공정] 공평, 자산(자본)"
"equivalent","","[같다] 동등한, 맞먹는"
"equivocal","","[양쪽] 애매한, 불분명한"
"erode","","[갉다] 침식하다, 닳아 없어지다"
"erratic","","[방황] 불규칙한, 변덕스러운"
"erstwhile","onetime","[이전의] 이전의, 과거의"
"erudite","learned","[배우다] 박식한"
"erudition","","[학식] 박식, 학문"
"escapade","","[탈출하다] 무모한 장난, 엉뚱한 짓"
"eschew","","[피하다] 피하다, 삼가다"
"esoteric","recondite","[숨다] 소수만 아는, 난해한"
"espouse","champion","[지지하다] 옹호하다, 지지하다"
"essential","indispensable","[본질] 필수적인, 본질적인"
"estrange","","[떨어지다] 소원하게 하다"
"ethos","","[정신] 민족정신, 사회 분위기"
"eulogize","","[칭송하다] 칭송하다, 찬미하다"
"euphoria","ecstasy","[기쁨] 행복감, 희열"
"euphoric","","[기쁜] 행복한, 희열의"
"evanescent","","[사라지다] 덧없는, 순식간에 사라지는"
"evasive","elusive","[피하다] 회피적인"
"evenhanded","","[공정] 공평한, 공정한"
"exacerbated","aggravated","[악화시키다] 악화된"
"exaction","extortion","[강요] 강탈, 착취"
"exactitude","meticulousness","[정확] 철저함, 엄밀"
"exaggeration","hyperbole","[과장] 과장"
"exalt","valorize","[높이다] 칭송하다, 격상하다"
"exasperate","","[화나게 하다] 화나게 하다"
"excavation","","[파다] 발굴, 굴착"
"exclusive","","[배제하다] 독점적인, 배타적인"
"excoriate","denounce","[혹평하다] 맹비난하다"
"excoriate","crab","[헐뜯다] 심하게 비난하다"
"exculpate","","[죄 벗기다] 무죄로 하다"
"excuse","","[핑계] 변명하다, 정당화하다"
"exemplar","model","[본보기] 모범, 전형"
"exemplary","","[모범] 모범적인, 본보기의"
"exhaustive","comprehensive","[철저하다] 철저한, 포괄적인"
"exile","","[내쫓다] 망명, 추방"
"exonerate","","[무죄 입증] 혐의를 벗겨주다"
"exotic","","[낯선] 이국적인, 색다른"
"expansion","augmentation","[확대하다] 팽창, 확장"
"expansive","","[넓다] 광활한, 포괄적인"
"expatriate","","[내쫓다] 국외 거주자, 국외로 추방된 자"
"expedient","","[편리하다] 편의주의적인, 임시방편의"
"expedite","","[빠르게] 신속히 처리하다"
"expel","oust","[내쫓다] 추방하다, 내쫓다"
"experimental","innovative","[시험하다] 실험적인, 혁신적인"
"exploit","","[이용하다] 이용하다, 악용하다"
"exploitative","","[이용하다] 착취적인"
"expostulation","","[충고] 훈계, 충언"
"extemporize","","[즉석] 즉흥적으로 하다"
"extensive","","[넓다] 광범위한, 넓은"
"extenuate","","[약화시키다] 정당화하다, 참작하다"
"extinguish","","[끄다] 끄다, 불을 끄다"
"extirpate","eradicate","[뿌리뽑다] 근절하다, 박멸하다"
"extol","","[칭찬하다] 칭송하다"
"extraneous","irrelevant","[밖] 관련 없는, 외부의"
"extravagant","","[넘치다] 낭비하는, 사치스러운"
"extremist","zealot","[극단] 극단주의자"
"extricate","","[풀다] 해방시키다, 구해내다"
"exuberant","","[넘치다] 활기 넘치는, 원기 왕성한"
"facetious","","[농담하다] 익살스러운, 진지하지 않은"
"facile","","[쉽다] 손쉬운, 피상적인"
"facilitate","further","[쉽게 하다] 용이하게 하다, 촉진하다"
"factionousness","schism","[분열] 당파성, 분열"
"factual","","[사실] 사실의, 사실에 근거한"
"faddish","","[유행] 일시적으로 유행하는"
"fairness","objectivity","[공정] 공정함, 객관성"
"fallacious","deceptive","[거짓] 그릇된, 허위의"
"fallacy","","[틀림] 오류, 잘못된 믿음"
"far-reaching","","[광범위] 폭넓은, 중요한"
"fastidious","","[까다롭다] 까다로운, 세심한"
"fatuous","","[바보] 어리석은, 얼빠진"
"faultless","perfect","[흠없다] 완벽한, 흠잡을 데 없는"
"fealty","","[충성] 충성, 충실"
"feckless","","[무능] 무능한, 무책임한"
"fecund","","[열매] 다산의, 비옥한"
"feeble","","[약하다] 연약한, 미약한"
"feigned","false","[가짜] 가장한, 거짓의"
"feisty","","[활발하다] 혈기왕성한, 공격적인"
"feral","","[야생] 야생의, 길들여지지 않은"
"fervent","","[뜨겁다] 열렬한, 열정적인"
"fickle","","[변하다] 변덕스러운"
"fiery","impassioned","[불타다] 불같은, 열정적인"
"finicky","","[까다롭다] 까다로운"
"fitting","apposite","[맞다] 적절한, 알맞은"
"flagging","","[약하다] 쇠약해지는, 시드는"
"flagrant","","[뚜렷하다] 노골적인, 극악한"
"flamboyant","","[화려하다] 이색적인, 화려한"
"flawless","","[흠없다] 완벽한, 흠 없는"
"flexibility","suppleness","[구부리다] 유연성, 융통성"
"flippancy","","[가볍다] 경솔, 경박"
"flippant","","[가볍다] 경박한, 건방진"
"flourish","","[번성하다] 번창하다, 번성하다"
"flout","","[얕보다] 무시하다, 어기다"
"fluctuate","","[흔들다] 변동하다, 오르내리다"
"flummox","confound","[혼란] 당황하게 하다"
"foible","","[약점] 약점, 단점"
"forage","","[먹을 것 찾다] 먹이를 찾다"
"forbear","","[참다] 삼가다, 참다"
"forbidden","","[금하다] 금지된"
"forebear","","[앞서다] 조상"
"foreboding","","[예감하다] 불길한 예감"
"forensic","","[법정] 법의학적인, 법정의"
"foreordain","predestine","[미리 정하다] 운명짓다, 예정하다"
"forestall","","[미리 막다] 방해하다, 선제적으로 막다"
"foretell","","[미리 말하다] 예언하다, 예고하다"
"forge","","[만들다] 위조하다, 구축하다"
"forgo","","[포기하다] ~없이 지내다, 포기하다"
"formidable","","[두렵다] 가공할 만한, 만만찮은"
"formulaic","","[틀] 정형화된, 판에 박힌"
"fortuitous","accidental","[우연] 우연한, 뜻밖의"
"foster","cultivate","[기르다] 육성하다, 촉진하다"
"foster","spur","[촉진하다] 조장하다, 격려하다"
"fractious","restive","[다투다] 성마른, 다루기 힘든"
"fractious","","[성마르다] 짜증 잘 내는, 다루기 힘든"
"fraught","","[가득] 걱정투성이의, (문제로) 가득한"
"friable","","[부서지다] 잘 부서지는"
"friendliness","geniality","[친절] 다정함, 친절함"
"fringe","marginal","[가] 주변, 비주류"
"frustrating","","[좌절시키다] 답답한, 좌절감을 주는"
"fungible","","[바꾸다] 대체 가능한"
"fungible","interchangeable","[교환하다] 호환 가능한"
"furtive","","[몰래] 은밀한, 엉큼한"
"fustian","pompous","[허풍] 과장된, 허풍떠는"
"fusty","outmoded","[낡다] 구식의, 케케묵은"
"futility","pointlessness","[소용없다] 무익, 헛됨"
"gadget","","[도구] 장치, 도구"
"gainsay","","[부정하다] 반박하다, 부인하다"
"galling","","[화나다] 짜증나는, 괴로운"
"galvanize","animate","[자극하다] 활기를 불어넣다"
"garble","","[혼란] 왜곡하다, 혼동하다"
"garner","","[모으다] 얻다, 모으다"
"garrulous","loquacious","[말 많다] 수다스러운"
"gauge","","[측정하다] 측정하다, 평가하다"
"generality","abstraction","[일반] 일반론, 개괄"
"generic","inclusive","[일반] 일반적인, 포괄적인"
"geniality","","[상냥] 온화함, 친절"
"genteel","","[고상] 고상한, 품위 있는"
"germane","","[관련] 적절한, 밀접한"
"give way to","","[굴복하다] ~에게 양보하다, ~로 대체되다"
"glean","collect","[모으다] 모으다, 얻다"
"gossamer","","[얇다] 얇은, 섬세한"
"grandstanding","","[보여주기] 보여주기식 행동"
"graphically","vividly","[생생하다] 생생하게"
"grateful","","[감사하다] 감사하는"
"gratify","please","[기쁘게 하다] 만족시키다"
"gravitas","","[무게] 진지함, 무게감"
"gregarious","","[떼 지다] 사교적인, 군거하는"
"gridlock","","[막힘] 교착 상태"
"gripping","","[붙잡다] 아주 흥미로운"
"guarantee","","[보장] 보장하다, 보증"
"guile","deviousness","[속임] 교활, 간계"
"guzzle","","[벌컥] 마구 들이켜다"
"hackneyed","","[진부] 진부한, 흔해빠진"
"haggle","cavil","[값 흥정] 흥정하다, 트집잡다"
"hailed","acclaimed","[칭송] 칭송받는"
"halfhearted","","[열의 부족] 내키지 않는, 성의 없는"
"hallow","respect","[거룩히 하다] 신성시하다, 존경하다"
"hallow","consecrate","[바치다] 신성하게 하다"
"hamper","impede","[방해하다] 방해하다, 제한하다"
"hamstring","impair","[절름발이] 손상시키다, 무력화하다"
"haphazard","","[되는대로] 무계획적인"
"harbinger","herald","[앞서다] 전조, 예고"
"harbor","","[품다] 품다, 피난처 제공하다"
"hard-pressed","","[곤란] 쪼들리는, 곤란한"
"hardy","","[강하다] 강건한, 튼튼한"
"harmless","innocuous","[해 없다] 무해한"
"haughty","","[거만] 오만한, 거만한"
"headway","","[전진] 진전, 진보"
"heartless","callous","[냉혹] 무자비한, 매정한"
"hectic","","[바쁘다] 정신없이 바쁜"
"hegemony","","[지배] 패권, 주도권"
"hermetic","","[밀폐] 밀봉된, 난해한"
"heterogeneous","disparate","[다르다] 이질적인"
"heterogeneous","dissimilar","[다르다] 서로 다른, 이질적인"
"hew to=conform","","[따르다] 준수하다, 따르다"
"hierarchical","stratified","[층] 계층적인"
"high-handed","","[억압] 독단적인, 고-handed한"
"hinder","","[막다] 방해하다"
"hindrance","handicap","[방해] 방해, 장애"
"historic","","[역사적] 역사상 중요한"
"historical","","[역사에 관한] 역사적인"
"hitch","snag","[걸림] 문제, 장애"
"hodgepodge","patchwork","[뒤섞음] 잡동사니, 뒤범벅"
"homogeneity","resemblance","[같음] 동질성"
"homogenous","","[같다] 동일한, 동질의"
"hone","enhance","[갈다] 연마하다, 개선하다"
"honorific","","[존경] 존칭의, 존경을 나타내는"
"hortatory","","[권하다] 권고의, 충고하는"
"hostility","","[적대] 적의, 적대감"
"hubris","","[오만] 자만심"
"hubristic","arrogant","[오만] 거만한, 자만하는"
"humble","","[낮추다] 겸손한"
"humdrum","","[단조] 단조로운, 지루한"
"hypocrisy","","[가식] 위선"
"hypothesis","","[가정하다] 가설"
"iconoclastic","","[우상타파] 인습타파적인"
"idiosyncratic","","[특이하다] 특이한, 개성 있는"
"ignore","overlook","[무시하다] 무시하다, 간과하다"
"illegitimate","","[불법] 불법의, 합법적이지 않은"
"imbibe","quaff","[마시다] 흡수하다, 마시다"
"immense","","[큰] 거대한, 막대한"
"immobilize","","[움직임 X] 움직이지 못하게 하다"
"impassionate","","[열정적] 감정이 가득한"
"impassive","","[느낌 X] 무표정한, 무감정의"
"impeccable","","[흠없다] 결점 없는, 완벽한"
"impecunious","indigent","[가난] 가난한"
"impediment","","[방해] 장애, 방해물"
"impenetrable","","[뚫리지 X] 이해할 수 없는, 꿰뚫을 수 없는"
"imperial","","[제국] 제국의, 황제의"
"imperil","","[위험] 위태롭게 하다"
"imperious","dictatorial","[군림하다] 오만한, 고압적인"
"impermeable","","[스며들지 X] 불침투성의"
"impertinence","","[버릇없음] 건방짐, 무례"
"imperturbability","","[동요X] 침착성, 냉정함"
"imperturbable","","[흔들리지 않음] 동요하지 않는, 차분한"
"impervious","","[뚫리지 않다] 영향을 받지 않는"
"impetuous","","[성급] 성급한, 충동적인"
"implacable","unyielding","[달래지지 않음] 완강한, 달랠 수 없는"
"implausible","","[그럴듯하지 않음] 믿기 힘든"
"imprecise","","[정확X] 부정확한"
"improbable","unlikely","[가능성 낮음] 있을 법하지 않은"
"impugn","","[공격하다] 공격하다, 의문을 제기하다"
"impulsive","","[충동] 충동적인"
"in retrospect","","[돌아보다] 회상해보면"
"inaccessible","opaque","[닿기 X] 접근할 수 없는, 난해한"
"inborn","innate","[타고나다] 선천적인"
"inchoate","rudimentary","[시작] 초기의, 미발달의"
"incipient","","[시작] 초기의, 발단의"
"incisive","","[날카로운] 예리한, 통렬한"
"incongruous","","[어울리지 않음] 부조화의, 모순된"
"inconsequential","trivial","[사소하다] 사소한, 하찮은"
"inconsequentially","","[사소하게] 중요치 않게"
"incorruptibility","","[썩지 않음] 청렴, 부패하지 않음"
"incremental","","[조금씩] 점진적인"
"incriminate","","[죄 뒤집어씌움] 죄를 씌우다"
"indefatigable","","[지치지 않음] 지칠 줄 모르는"
"indifferent","","[관심 없음] 무관심한"
"indigenous","","[원산] 토착의, 원시의"
"indigent","","[가난] 가난한, 궁핍한"
"indirect","circuitous","[빗겨] 간접적인, 우회하는"
"indispensable","","[없을 수 없음] 필수적인"
"indolence","","[게으름] 나태, 게으름"
"indubitable","","[의심X] 의심할 여지 없는"
"inductive","","[이끌다] 귀납적인"
"indulge","","[빠져들다] 탐닉하다, 만족시키다"
"industrious","","[부지런] 근면한, 부지런한"
"inept","","[서투르다] 서투른, 부적절한"
"ineptitude","","[부적절] 서투름, 무능"
"inert","","[움직이지 않음] 기력이 없는, 둔한"
"inertial","","[관성] 관성의"
"inexplicable","incomprehensible","[설명X] 설명할 수 없는"
"infatuate","","[반하다] 열중하게 하다"
"infeasible","","[불가능] 실행 불가능한"
"infelicitous","","[부적절] 부적절한, 안 맞는"
"inferable","entailed","[추론 가능한] 추론할 수 있는"
"inflammatory","provocative","[불타다] 선동적인, 격앙시키는"
"ingenious","","[솜씨] 독창적인, 영리한"
"ingenuous","","[순수] 순진한, 솔직한"
"ingrained","","[깊이 뿌리] 뿌리 깊은, 깊이 박힌"
"inherent","","[내재] 타고난, 내재된"
"inhibit","","[막다] 억제하다, 억누르다"
"inimical","","[적대] 해로운, 적대적인"
"injudicious","","[분별 없음] 경솔한, 무분별한"
"innocuous","","[해 없다] 무해한, 순한"
"inscrutable","","[알 수 없음] 불가해한, 이해할 수 없는"
"insipid","","[맛 없음] 재미없는, 김 빠진"
"insist","","[주장하다] 주장하다, 고집하다"
"insolent","","[무례] 무례한, 버릇없는"
"insolvency","","[파산] 지급 불능"
"insouciance","","[걱정 없음] 태평스러움, 무관심"
"instigate","","[촉발하다] 부추기다, 선동하다"
"insufficient","meager","[부족] 불충분한"
"insular","","[섬] 섬의, 배타적인"
"insulate","","[떼어놓다] 격리하다, 보호하다"
"intangible","","[만질 수 없음] 무형의, 불가해한"
"integrity","","[전체성] 진실성, 고결함"
"intelligible","readable","[이해 가능] 이해할 수 있는"
"intensify","","[강화하다] 강화하다, 심화하다"
"interchangeable","","[바꿀 수 있음] 교환 가능한"
"interminable","","[끝 없음] 끝없이 계속되는"
"intervene","","[사이 들어감] 개입하다, 끼어들다"
"intractable","stubborn","[다루기 힘든] 고집 센, 난치의"
"intransigence","obduracy","[타협 않음] 비타협적인 성질"
"intransigent","","[타협 않음] 비타협적인, 완강한"
"intricate","convoluted","[얽히다] 복잡한, 난해한"
"intriguing","","[흥미] 흥미로운, 매력적인"
"intrinsically","","[본질] 본질적으로"
"intuitive","","[직관] 직관적인"
"inured","","[익숙] 익숙해진, 단련된"
"inveigle","","[꾀다] 감언이설로 속이다"
"invigorate","energize","[활기] 활기를 주다"
"invulnerable","","[상처X] 상처 입지 않는, 안전한"
"irascibility","exasperation","[화냄] 성 잘냄, 화"
"irascible","irritable","[성내다] 성급한, 화 잘내는"
"irk","","[짜증] 짜증나게 하다, 귀찮게 하다"
"ironically","paradoxically","[역설] 역설적으로, 반어적으로"
"irrelevant","extraneous","[관련X] 무관한"
"irresolute","","[결심X] 우유부단한"
"itinerant","","[돌아다님] 순회하는, 떠돌아다니는"
"jargon","","[전문용어] 특수 용어, 은어"
"jarring","","[거슬림] 불쾌한, 부조화의"
"jaundice","","[편견] 편견, 황달"
"jejune","vapid","[무미건조] 단조로운, 재미없는"
"jettison","","[버리다] 버리다, 투하하다"
"jibe with","agree with","[일치하다] 조화되다, 일치하다"
"judicious","","[현명] 현명한, 신중한"
"juxtaposition","","[나란히 둠] 병치, 병렬"
"keep ~ at bay","","[저지] ~을 막다, 접근 못하게 하다"
"kindred","","[혈연] 친척의, 비슷한"
"knotty","","[얽히다] 복잡한, 어려운"
"labyrinth","","[미궁] 미로, 복잡한 상황"
"laconic","taciturn","[간결] 간결한, 말이 적은"
"laissez faire","","[간섭 않음] 자유방임주의의"
"lambaste","","[매질/비난] 강하게 비난하다, 매질하다"
"lament","","[슬퍼하다] 애도하다, 한탄하다"
"lampoon","","[풍자] 풍자하다, 조롱하다"
"languish","","[쇠약해지다] 시들다, 활기를 잃다"
"lapse","","[미끄러지다] (시간) 경과, 잘못, 쇠퇴"
"largesse","","[아낌없이 줌] 후함, 아량"
"lascivious","","[음탕] 음탕한, 호색적인"
"lassitude","","[피곤] 무기력, 나른함"
"laud","extol","[칭송] 칭찬하다"
"leeway","","[여유] 여지, 자유"
"legitimacy","","[합법] 합법성, 정당성"
"legitimize","","[정당화] 합법화하다, 정당화하다"
"lenient","","[관대] 관대한, 관용적인"
"lethargic","slumberous","[졸림] 무기력한, 혼수상태의"
"leveling","","[평평] 평준화, 평등화"
"levy","","[징수] 세금 부과, 징수"
"limited","scant","[제한] 제한된, 부족한"
"limiting","confining","[제한] 제한하는, 억제하는"
"limpid","pellucid","[맑다] 투명한, 맑은"
"list","tilt","[기울다] 기울다, 한쪽으로 치우치다"
"listless","","[무기력] 무기력한, 활기 없는"
"livid","","[격노] 격노한, 창백한"
"loathe","","[혐오] 몹시 싫어하다"
"lopsided","","[한쪽] 불균형한, 치우친"
"loquacious","","[수다] 수다스러운"
"lucidity","clarity","[명료] 명료함, 투명함"
"lucrative","","[이익] 수익성 있는"
"ludicrous","risible","[우스꽝] 터무니없는, 웃기는"
"lugubrious","gloomy","[슬픔] 침울한, 우울한"
"lull","respite","[잠잠] 잠잠해지다, 잠시 중단"
"luminous","","[빛나다] 빛나는, 이해하기 쉬운"
"lurch","","[휘청] 휘청거리다"
"lure","","[유혹] 유혹하다, 꾀다"
"lurid","","[섬뜩] 끔찍한, 선정적인"
"luxuriant","rampant","[무성] 무성한, 풍부한"
"macabre","","[섬뜩] 괴기스러운, 섬뜩한"
"magnanimity","","[관대] 아량, 관대함"
"mainstay","","[버팀목] 주요 의지물, 중심"
"maintain","","[지속] 유지하다, 주장하다"
"make known","","[알리다] 공표하다, 알리다"
"maladroit","","[서투르다] 서투른, 어색한"
"malady","","[병] 질환, 병폐"
"malfeasance","fraudulence","[위법] 불법행위, 비리"
"malign","","[비방] 비방하다, 해로운"
"malleable","","[두들기다] 잘 변하는, 유순한"
"malodorous","noisome","[악취] 악취 나는"
"maneuver","","[움직이다] 책략, 조종하다"
"manifest [v]","reveal","[드러내다] 나타내다, 분명히 하다"
"manifest[adj]","self-evident","[분명] 뚜렷한, 명백한"
"manifestation","","[나타남] 표현, 징후"
"manipulation","","[조종] 조작, 조종"
"marginal","peripheral","[가] 주변의, 중요치 않은"
"maturity","precociousness","[성숙] 성숙, 성숙함"
"maverick","nonconformist","[독불장군] 개성이 강한 사람"
"meager","","[부족] 빈약한, 불충분한"
"meddlesome","","[참견] 참견하기 좋아하는"
"mediocre","","[평범] 보통의, 이류의"
"melancholy","","[슬픔] 우울한, 우울"
"meliorate","","[개선] 개선하다"
"mellow","","[온화] 부드러운, 온화한"
"mendacious","","[거짓] 거짓의, 허위의"
"mercenary","","[고용] 용병, 돈만 바라는"
"meretricious","","[겉치레] 겉만 번지르르한"
"meticulous","thorough","[세심] 꼼꼼한, 세심한"
"meticulous","","[세심] 정밀한, 꼼꼼한"
"minimal","trifling","[최소] 최소의, 사소한"
"minion","","[부하] 아랫사람, 졸개"
"miniscule","","[작다] 극소의"
"miscellaneous","","[섞이다] 잡다한, 여러 가지의"
"misconstrue","","[오해하다] 오해하다, 잘못 해석하다"
"misgivings","apprehension,trepidation","[걱정] 불안, 의혹"
"misguided","","[그릇되다] 잘못 인도된, 오도된"
"mishandled","","[잘못 다룸] 잘못 관리된, 처리된"
"mitigate","","[약화하다] 완화하다, 줄이다"
"mitigate","abate","[줄이다] 경감하다, 약화시키다"
"mixed","inconsistent","[섞이다] 혼합된, 모순된"
"mnemonic","","[기억] 기억을 돕는, 암기법"
"mock","","[조롱] 흉내내다, 조롱하다"
"mockery","derision","[조롱] 조롱, 흉내"
"modern","advanced","[새롭다] 현대의, 최첨단의"
"modest","","[겸손] 겸손한, 적당한"
"mollified","","[달래다] 누그러진, 완화된"
"momentary","evanescent","[순간] 순간적인, 덧없는"
"monolithic","","[하나로] 획일적인, 거대한"
"monotonous","","[단조] 단조로운, 지루한"
"moribund","","[죽음] 소멸 직전의, 죽어가는"
"morose","","[우울] 시무룩한, 뚱한"
"muffle","muffled로 줄제","[덮다] 소리를 죽이다, 감싸다"
"multidimensional","","[다차원] 다차원의"
"multifaceted","","[다면] 다면적인, 다양한 측면의"
"mundane","","[세속] 평범한, 일상적인"
"murky","","[어둡다] 어두운, 애매한"
"mutable","","[변화] 변하기 쉬운"
"nadir","","[밑바닥] 최저점"
"naïve","unsophisticated","[순진] 순진한, 세상물정 모르는"
"naivete","","[순수] 순진, 천진함"
"nascent","","[태어남] 발생기의, 초기의"
"naysay","","[거부] 반대하다, 부정하다"
"nebulous","vague","[흐리다] 흐릿한, 모호한"
"nefarious","","[사악] 사악한, 불길한"
"negligence","","[소홀] 부주의, 태만"
"negligible","","[무시 가능] 하찮은, 사소한"
"neophyte","","[새싹] 초심자, 신참"
"nepotistic","","[족벌] 족벌주의적인, 연줄만 믿는"
"nitpicking","","[트집] 사소한 것에 집착하는"
"nobility","","[고귀함] 귀족, 고귀"
"noisome","","[악취] 불쾌한, 악취나는"
"nomadic","itinerant","[떠돌이] 유목의, 방랑하는"
"nonconformist","","[비순응] 비순응자, 독립적인 사람"
"nondescript","","[특색 없음] 평범한, 특징 없는"
"not fail to","","[반드시] 반드시 ~하다"
"notwithstanding","","[그러나] ~에도 불구하고"
"novel","original","[새롭다] 새로운, 참신한"
"novelty","","[새로움] 새로움, 신기함"
"novice","tyro","[초보] 초보자"
"nugatory","","[쓸모없다] 무가치한"
"numinous","occult","[신비] 신비한, 영적인"
"nurture","","[기르다] 양육하다, 육성하다"
"obedience","","[복종] 복종, 순종"
"obeisance","","[절하다] 존경, 경의"
"obfuscate","obscure","[흐리다] 모호하게 하다, 애매하게 하다"
"obfuscatory","","[흐리다] 혼란스럽게 하는"
"obligate","","[강제하다] 의무 지우다"
"oblivious","","[잊다] 의식하지 못하는, 잘 잊는"
"obscuring","","[가리다] 희미하게 하는, 모호하게 하는"
"obsequious","sycophantic","[아첨] 아부하는"
"obsolete","outmoded","[낡다] 구식의, 폐물의"
"obstreperous","","[시끄럽다] 떠들썩한, 제어하기 힘든"
"obtain","glean","[얻다] 얻다, 취득하다"
"obtrusive","","[불쑥 나타나다] 보기 싫게 눈에 띄는"
"obtuse","","[둔하다] 둔감한, 무딘"
"obviate","","[제거하다] 제거하다, 미리 막다"
"occlude","","[닫다] 막다, 차단하다"
"officious","","[참견] 참견하는, 거들먹거리는"
"offset","","[상쇄] 상쇄하다, 보상하다"
"ominous","inauspicious","[불길하다] 불길한"
"omnipresent","universal","[어디든지] 편재하는, 어디에나 있는"
"omniscient","","[모든 것을 알다] 전지의"
"on a par with~","","[동등] ~와 동등한"
"onerous","","[짐] 부담스러운, 힘든"
"onset","","[시작] 시작, 발발"
"opaque","","[불투명] 불투명한, 이해하기 힘든"
"opportunism","","[기회주의] 기회주의"
"oppositional","","[반대] 반대하는, 대립하는"
"opprobrious","","[모욕] 모욕적인, 창피한"
"opprobrium","disdain","[비난] 불명예, 비난"
"order","stability","[질서] 질서, 안정"
"original","","[처음] 독창적인, 원래의"
"ornate","","[장식] 화려하게 장식된"
"orthodox","","[정통] 정통의, 전통적인"
"oscillating","","[흔들다] 흔들리는, 진동하는"
"ostensibly","","[겉보기] 표면적으로는"
"ostentatious","","[과시] 허세 부리는, 과시적인"
"oust","","[쫓아내다] 몰아내다, 축출하다"
"outdated","","[낡다] 구식의, 시대에 뒤떨어진"
"outlandish","","[이상하다] 기이한, 괴상한"
"outmoded","","[낡다] 구식의, 폐물 같은"
"outstanding","","[두드러지다] 뛰어난, 눈에 띄는"
"overestimate","","[과대평가] 과대평가하다"
"overhaul","","[점검] 철저히 점검하다, 정비하다"
"overload","","[짐] 과부하 걸리다, 너무 많이 싣다"
"overlook","neglect","[놓치다] 간과하다, 무시하다"
"overmodest","","[지나치게 겸손] 과도하게 겸손한"
"overrate","","[과대평가] 과대평가하다"
"overstate","","[과장하다] 과장하다"
"overtly","","[공개적으로] 명백하게, 드러내 놓고"
"overwrought","","[지나치게 긴장] 지나치게 긴장한, 과민한"
"pacific","dovish","[평화] 평화적인, 온건한"
"paean","","[찬가] 찬가, 찬미"
"palatable","","[맛있다] 맛있는, 마음에 드는"
"palliate","","[덮다] (병) 완화하다, 변명하다"
"palpable","","[만질 수 있음] 뚜렷한, 명백한"
"paltry","meager","[보잘것없음] 하찮은, 부족한"
"panacea","cure-all","[만병통치] 만병통치약"
"panache","","[당당한 태도] 위풍당당함, 기백"
"panegyrize","","[칭송] 칭송하다"
"paradigm","model","[본보기] 전형, 모범"
"paraphernalia","","[잡동사니] 장비, 잡동사니"
"parity","equality","[동등] 동등, 등가"
"parochial","provincial","[좁다] 편협한, 시골의"
"parsimonious","","[인색] 인색한"
"partisan","","[당파] 당파적인, 열렬한 지지자"
"passe","","[지나감] 구식의, 한물간"
"pastiche","","[모방] 혼합물, 모방작품"
"patchwork","hodgepodge","[섞다] 잡동사니, 뒤범벅"
"paucity","","[부족] 결핍, 부족"
"peccadillo","","[작은 죄] 사소한 잘못, 경범죄"
"pedagogy","","[교육] 교육학, 교수법"
"pedant","","[현학] 현학자, 규칙만 따지는 사람"
"pedantic","","[형식] 현학적인, 지나치게 규칙적인"
"pedestrian","","[보행] 평범한, 진부한"
"pejorative","","[비난] 비난하는, 경멸적인"
"pellucid","","[투명] 투명한, 명쾌한"
"pensive","","[깊이 생각] 수심어린, 곰곰이 생각하는"
"perceptive","discerning","[지각하다] 통찰력 있는, 민감한"
"perennial","","[영원] 지속적인, 다년생의"
"perennial","long-standing","[지속] 오래 지속되는"
"perfunctory","","[형식적] 형식적인, 기계적인"
"peripheral","","[주변] 주변적인, 부차적인"
"permeable","","[스며들다] 투과성의, 침투할 수 있는"
"pernicious","","[해롭다] 해로운, 치명적인"
"perpetrate","","[저지르다] (범죄) 저지르다"
"perplexity","","[혼란] 당혹, 난처"
"persevere","","[견디다] 인내하다, 꾸준히 하다"
"persistence","survival","[버티다] 지속, 인내"
"personification","","[의인화] 의인화, 전형"
"pertinent","","[관련] 적절한, 관련 있는"
"pervasive","","[퍼지다] 만연한, 널리 퍼진"
"petulant","","[투정] 화 잘 내는, 성마른"
"phlegmatic","","[침착] 침착한, 무기력한"
"pigeonhole","","[분류] 분류하다, 밀쳐두다"
"pilferage","appropriation","[좀도둑질] 절도, 도용"
"pine for","","[그리워하다] 갈망하다, 그리워하다"
"pinpoint","","[정확히 가리키다] 정확히 지적하다"
"pioneering","","[먼저 하다] 선구적인"
"pitfall","","[함정] 위험, 함정"
"pithy","","[핵심] 간결하고 의미심장한"
"placable","","[달래다] 달래기 쉬운"
"placate","appease","[달래다] 진정시키다, 달래다"
"placidity","","[평온] 고요함, 평온"
"plaintive","","[슬픔] 애처로운, 구슬픈"
"plangent","","[크게 울리다] 울려 퍼지는, 구슬픈"
"plastic","","[형태 바뀜] 가소성의, 잘 변하는"
"platitudinous","","[진부] 진부한, 상투적인"
"plausible","","[그럴듯] 그럴듯한, 타당해 보이는"
"plethora","surfeit","[과다] 과잉, 과도"
"pliable","","[구부리다] 유연한, 융통성 있는"
"ploy","","[계책] 책략, 전략"
"plummet","","[똑 떨어지다] 곤두박질치다, 급락하다"
"plunder","","[약탈] 약탈하다, 훔치다"
"polarizing","","[양극화] 분열시키는"
"polemical","","[논쟁] 논쟁적인, 논쟁을 일삼는"
"polymathic","encyclopedic","[박식] 박식한"
"pomposity","","[거만] 젠체함, 거만함"
"ponder","","[생각] 숙고하다"
"portend","predict","[예고] 전조가 되다, 예고하다"
"potent","","[강력] 강력한, 유력한"
"pragmatic","","[실용] 실용적인, 실제적인"
"praiseworthy","","[칭찬] 칭찬할 만한"
"preachy","sanctimonious","[설교하다] 훈계하기 좋아하는"
"precarious","","[위태] 불안정한, 위험한"
"precarious","perilous","[위험] 위태로운, 아슬아슬한"
"precipitate","","[떨어뜨리다] 촉발시키다, 성급한"
"preclude","","[막다] 막다, 배제하다"
"preclude","rule out","[제외하다] 배제하다, 불가능하게 하다"
"preconception","prejudice","[선입견] 편견, 선입견"
"precursor","forerunner","[앞서다] 선구자, 전조"
"predator","","[사냥] 포식자"
"predecessor","","[앞서다] 전임자, 선배"
"predicament","","[곤경] 곤경, 궁지"
"predilection","proclivity","[좋아하다] 편애, 편향"
"prepossessing","","[매력] 매혹적인, 매력적인"
"presage","portend","[징조] 예시하다, 전조하다"
"prescient","prophetic","[앞서 앎] 예지의, 선견지명이 있는"
"preserving","safeguarding","[보존] 보존하는, 보호하는"
"presumptuous","","[건방] 건방진, 주제넘은"
"presuppose","","[가정] 가정하다, 전제로 하다"
"pretentious","","[가식] 과시적인, 허세의"
"preternatural","","[초자연] 이상한, 초자연적인"
"pretext for","","[구실] ~의 핑계, 구실"
"prevailing","","[우세] 지배적인, 널리 퍼진"
"prevalent","extensive","[널리 퍼지다] 널리 퍼진"
"prevalent","widespread","[퍼지다] 널리 퍼진"
"prevent","preclude","[막다] 막다, 예방하다"
"pristine","","[깨끗하다] 원래 그대로의, 순수한"
"private","insular","[개인] 개인적인, 은둔적인"
"privation","","[결핍] 결핍, 빈곤"
"probity","","[정직] 정직, 성실"
"proclaim","profess","[공표] 선언하다, 알리다"
"proclivity","","[경향] 성향, 기호"
"procreate","","[생산] 번식하다"
"prodigious","","[거대] 거대한, 엄청난"
"profit-mongers","","[이익 추구] 탐욕스런 사람들"
"profligate","","[낭비] 낭비하는, 방탕한"
"proliferation","","[번성하다] 확산, 급증"
"prolong","","[늘이다] 연장하다, 늘이다"
"prominence","salience","[두드러지다] 중요성, 탁월함"
"promulgate","declare","[선포] 공포하다, 선포하다"
"prophetic","","[예언] 예언의, 예언적인"
"prophylactic","preventive","[예방] 예방의, 예방약"
"propitious","","[길조] 유리한, 길조의"
"proponent","","[지지자] 지지자, 옹호자"
"proportionate","","[비례] 비례하는"
"proprietary","","[소유] 소유권의, 전매의"
"prosaic","","[평범] 평범한, 산문적인"
"proscribe","","[금하다] 금지하다"
"proscription","","[금지] 금지, 추방"
"protean","versatile","[변하다] 변화무쌍한, 다재다능한"
"protest","","[항의] 항의하다"
"prototypical","","[원형] 전형적인, 원형의"
"protract","","[늘이다] 연장하다, 지연하다"
"provincial","","[지방] 지방의, 편협한"
"provocative","","[도발] 도발적인, 자극적인"
"proxy","","[대신] 대리, 대리인"
"prudence","","[조심] 신중함"
"prudent","circumspect","[신중] 신중한, 세심한"
"pseudonym","","[가짜 이름] 필명, 가명"
"puerile","","[어리석다] 유치한, 미숙한"
"pugnacious","cantankerous","[싸움] 호전적인"
"pull no punches","","[직설] 가감 없이 말하다"
"punctiliousness","","[꼼꼼] 꼼꼼함, 세심함"
"punctuality","","[시간 엄수] 시간 엄수"
"pungent","","[자극] 톡 쏘는, 신랄한"
"purport","","[의도] 주장하다, 요지"
"purveyor","","[공급] 공급자, 조달자"
"purview","","[범위] 범위, 권한"
"pushover","","[만만] 만만한 사람, 쉬운 일"
"puzzle","conundrum","[난제] 수수께끼, 문제"
"quash","","[억압] 억누르다, 진압하다"
"quibble","","[트집] 트집잡다, 둘러댐"
"quiescence","","[고요] 정적, 활동 없음"
"quip","","[재치] 재치 있는 말"
"quirky","unconventional","[별나다] 기발한, 특이한"
"quixotic","idealistic","[이상] 비현실적인, 공상적인"
"rampant","","[퍼짐] 만연한, 억제할 수 없는"
"ramshackle","","[허물다] 쓰러져가는, 무너질 듯한"
"rancor","","[원한] 원한, 증오"
"rant","diatribe","[고함] 고함치다, 비난하다"
"rapacious","avaricious","[탐욕] 탐욕스러운, 약탈적인"
"rapacity","","[탐욕] 탐욕, 강탈"
"realism","verisimilitude","[현실] 현실주의, 사실성"
"realize","achieve","[이루다] 실현하다, 깨닫다"
"rebellious","","[반항] 반항적인, 저항하는"
"rebound","","[되돌다] 반등하다, 회복하다"
"rebuff","","[거절] 거절하다, 퇴짜 놓다"
"rebuke","","[꾸짖다] 꾸짖다, 비난하다"
"recalcitrant","restive","[완강] 완강한, 저항하는"
"remuneration","","[보수] 보상, 급료"
"renounce","reject","[포기] 포기하다, 단념하다"
"replete","","[가득찬] 가득 찬, 풍만한"
"reproach","","[비난] 비난하다, 책망하다"
"reproof","censuring","[질책] 책망, 비난"
"repudiate","recant","[거부] 부인하다, 철회하다"
"repugnant","","[혐오] 불쾌한, 혐오스러운"
"rescind","","[철회] 철회하다, 폐지하다"
"resemble","","[닮다] 닮다, 유사하다"
"resent","","[화를 품다] 원망하다, 분개하다"
"reserved","","[내성적] 과묵한, 내성적인"
"resign to = cede to","","[체념] 체념하다, 받아들이다"
"resonate","","[울리다] 울리다, 공명하다"
"resort","","[의지하다] 의지하다, 휴양지"
"resourcefulness","","[지혜] 지략, 임기응변 능력"
"respite","relief","[휴식] 일시적 중단, 휴식"
"responsive","","[반응] 반응하는, 민감한"
"restive","","[가만있지 못함] 다루기 힘든, 반항적인"
"restorative","tonic","[회복] 회복시키는, 보양의"
"restrained","","[억제] 절제된, 삼가는"
"resurgence","revival","[되살아남] 재기, 부활"
"resurgent","","[부활] 다시 기승을 부리는"
"reticent","","[말 적음] 말이 없는, 과묵한"
"reveal","manifest","[드러내다] 드러내다, 밝히다"
"reverence","","[존경] 존경, 숭배"
"reverent","","[존경] 경건한, 공경하는"
"revert to","","[되돌아가다] 원상태로 돌아가다"
"revival","renaissance","[부흥] 부활, 부흥"
"riddle","conundrum","[수수께끼] 수수께끼, 난제"
"ring out","","[울려퍼지다] 크게 울리다"
"risible","","[웃다] 우스꽝스러운"
"robust","strong","[강하다] 튼튼한, 강력한"
"roil","","[휘젓다] 휘젓다, 어지럽히다"
"rosy","","[장밋빛] 낙관적인, 희망적인"
"row","","[다툼] 말다툼, 소동"
"rudimentary","sketchy","[기초] 기초적인, 미완성의"
"rusting","","[녹슬다] 녹슬기, 부식"
"sabotage","","[방해] 파괴행위, 방해하다"
"saccharine","","[단] 지나치게 달콤한, 역겨운"
"sacrosanct","","[신성] 신성불가침의"
"saddle","","[짐 지움] 책임 지우다, 안장 얹다"
"sagacious","[sagacity-n]","[현명] 현명한, 영리한"
"sage","","[현자] 현명한, 현자"
"salacious","","[음탕] 외설적인, 음탕한"
"salient","visible","[두드러짐] 눈에 띄는, 중요한"
"salubrious","","[건강] 건강에 좋은, 유익한"
"salutary","","[유익] 유익한, 건전한"
"sanctimonious","","[경건 위장] 위선적으로 경건한"
"sanction","endorse","[승인] 승인하다, 제재하다"
"sanguine","","[생기] 낙관적인, 쾌활한"
"scant","limited","[부족] 부족한, 빈약한"
"scanty","","[적음] 얼마 안 되는, 빈약한"
"scarce","","[드묾] 부족한, 드문"
"scathing","","[혹독] 통렬한, 신랄한"
"schism","factiousness","[분열] 분열, 분파"
"scintillating","","[번쩍임] 번득이는, 재치 있는"
"scratching","","[긁다] 긁힘, 흠"
"scrutinize","","[자세히] 세밀히 조사하다"
"sectarian","","[파벌] 종파의, 당파적인"
"seditious","","[선동] 선동적인, 반란적인"
"sedulous","","[부지런] 부지런한, 근면한"
"self-absorption","","[자기 몰두] 자기 도취"
"self-containing","","[자가 포함] 스스로 포함하는"
"self-effacing","","[겸손] 나서지 않는, 겸양하는"
"self-interest","opportunism","[이익] 이기심, 기회주의"
"selfless","altruistic","[이타] 이타적인, 헌신적인"
"self-perpetuating","","[자체 지속] 자체적으로 영속하는"
"self-regard","","[자존심] 자존심, 자기 존중"
"self-righteous","","[독선] 독선적인"
"self-serving","","[자기 이익] 자기 본위의"
"seminal","","[씨앗] 획기적인, 중요한"
"senescence","decrepitude","[늙음] 노쇠, 노화"
"senile","","[노년] 노망한, 노쇄한"
"sensible","","[분별] 분별력 있는, 현명한"
"sententious","","[말 많은] 교훈적인, 훈계조의"
"sequester","","[격리] 격리하다, 은둔시키다"
"shackle","stifle","[속박] 족쇄 채우다, 억누르다"
"sham","","[가짜] 가짜, 위조"
"shift","","[옮기다] 변화하다, 옮기다"
"shortcoming","fault","[결점] 단점, 결점"
"short-lived","ephemeral","[짧음] 오래 가지 않는"
"showy","","[화려] 화려한, 허세 부리는"
"shriek","","[외치다] 비명을 지르다"
"shun","","[피하다] 피하다, 멀리하다"
"sidestep","circumvent","[피하다] 회피하다"
"sifted from","","[걸러내다] ~에서 가려내다"
"simplicity","intelligibility","[단순] 단순함, 알기 쉬움"
"singular","unique","[하나] 독특한, 비범한"
"skeptical","","[의심] 회의적인"
"skew","","[왜곡] 비뚤어지다, 왜곡하다"
"skirt","","[둘레] 피하다, 가장자리를 돌다"
"skittish","restive","[놀람] 변덕스러운, 잘 놀라는"
"skulduggery","","[속임수] 사기, 음모"
"slapdash","","[엉성] 성급하게 한, 엉성한"
"sleazy","","[천박] 추잡스러운, 천한"
"slippery","elusive","[미끄럽다] 미끄러운, 파악하기 힘든"
"slogan","","[표어] 구호, 표어"
"slumber","","[잠] 잠, 수면"
"slurs","aspersions","[중상] 비방, 중상"
"smuggle","","[밀수] 밀수하다, 몰래 들여오다"
"snub","","[무시] 모욕하다, 냉대하다"
"sober","","[진지] 술 취하지 않은, 진지한"
"solemn","","[엄숙] 엄숙한, 근엄한"
"solemnity","","[장중] 장엄함, 엄숙함"
"solicitous","","[걱정] 세심히 배려하는, 걱정하는"
"solidarity","camaraderie","[결속] 단결, 연대"
"solidify","","[굳히다] 굳어지다, 강화하다"
"somnolent","lethargic","[졸림] 졸린, 나른한"
"sonorous","","[울림] 울려퍼지는, 낭랑한"
"soothsayer","","[예언자] 점쟁이, 예언자"
"sophist","","[궤변] 궤변가"
"sophistication","","[세련] 세련, 교양"
"soporific","","[졸음] 최면성의, 졸리는"
"sordid","","[더럽다] 더러운, 비열한"
"spacious","","[넓다] 넓은, 훤한"
"sparing","","[아낌] 조금만 쓰는, 절약하는"
"specious","spurious","[거짓처럼 보임] 겉만 그럴듯한"
"speculation","conjecture","[추측] 추측, 억측"
"speculative","conjectural","[추측] 추측의, 투기적인"
"spike","","[급등] 급격히 오르다, 못"
"spirited","vigorous","[기운] 활기찬, 힘찬"
"spontaneity","","[자발] 자발성"
"spontaneous","","[자발] 자발적인, 즉흥적인"
"sporadic","","[드문] 산발적인, 가끔 있는"
"spur","foster","[자극] 박차를 가하다, 자극하다"
"spurious","specious,mendacious","[거짓] 가짜의, 허위의"
"spurn","","[거절] 퇴짜 놓다, 거절하다"
"spurring","fostering","[독려] 자극하는, 촉진하는"
"square with","conform to","[일치] 일치하다, 부합하다"
"staggering","","[비틀] 엄청난, 충격적인"
"stagnate","","[고이다] 침체하다, 정체하다"
"stale","","[신선X] 진부한, 상한"
"stalwart","","[튼튼] 충직한, 튼튼한"
"stark","","[뚜렷] 극명한, 삭막한"
"starkly","","[분명] 극명히, 완전히"
"staunch","","[굳건] 충실한, 확고한"
"steadfast","","[확고] 확고한, 불변의"
"steer","","[몰다] 조종하다, 이끌다"
"stemming","checking","[막기] 저지하는, 막는"
"stern","","[엄격] 엄격한, 단호한"
"stifle","","[억누르다] 숨막히게 하다, 억제하다"
"stigma","","[낙인] 오명, 불명예"
"stigmatize","","[낙인찍다] 낙인찍다, 비난하다"
"stingy","parsimonious","[인색] 인색한"
"stoicism","","[금욕] 금욕, 냉정함"
"stratification","","[계층화] 계층화, 구분"
"stratified","hierarchical","[층화] 계층적인"
"striking","pronounced","[두드러짐] 현저한, 눈에 띄는"
"stunning","","[놀람] 놀라운, 멋진"
"stymie","hinder","[방해] 방해하다, 좌절시키다"
"subjective","","[주관] 주관적인"
"subservient","","[복종] 복종하는, 아첨하는"
"substantiate","","[입증] 입증하다"
"subterfuge","chicanery","[속임수] 핑계, 구실, 기만"
"subtle","","[섬세] 미묘한, 섬세한"
"subtlety","","[미묘] 미묘함, 정교함"
"subversive","","[뒤집다] 전복적인"
"subvert","","[뒤엎다] 전복하다, 파괴하다"
"succeeding","","[이어지는] 다음의, 뒤이은"
"successively","sequentially","[연속] 연속적으로"
"succumb","yield","[굴복] 굴복하다, 쓰러지다"
"sullen","surly","[시무룩] 뚱한, 시무룩한"
"sullied","","[더럽히다] 더럽혀진, 손상된"
"superannuation","","[퇴직 연금] 노후 연금, 연금제도"
"supercilious","imperious","[거만] 거만한, 남을 깔보는"
"superficial","sketchy","[피상] 피상적인, 얕은"
"superfluous","","[과잉] 불필요한, 과잉의"
"supersede","replace","[대체하다] 대신하다, 대체하다"
"supplant","","[대체] 대신하다, 대체하다"
"supportive","","[도움] 지원하는, 도와주는"
"supposition","","[가정] 가정, 추정"
"suppress","","[눌러막다] 억압하다, 진압하다"
"surefit","","[확실히 맞음] 딱 들어맞음"
"surfeit","glut","[과잉] 과다, 과잉"
"surge","","[솟구치다] 급등, 쇄도"
"surmise","infer","[추측] 추측하다"
"surmount","","[극복] 극복하다"
"surreptitious","","[몰래] 은밀한, 비밀스러운"
"swagger","","[뽐냄] 으스대다, 오만한 태도"
"sway","","[흔들다] 흔들다, 지배하다"
"sweeping","comprehensive","[포괄] 포괄적인, 광범위한"
"swift","","[빠름] 신속한, 재빠른"
"swill","guzzle","[벌컥] 벌컥 마시다, 쓸어 담다"
"sycophant","adulator","[아첨] 아첨꾼, 아부하는 사람"
"sympathetic","","[공감] 동정적인, 공감하는"
"synopses","","[요약] 개요, 요약"
"tacit","","[무언] 무언의, 암묵적인"
"taciturn","reserved","[과묵] 말없는, 과묵한"
"tactful","skillful","[요령] 요령있는, 재치있는"
"taint","","[더럽히다] 오점, 오염"
"take on","","[맡다] 떠맡다, 고용하다"
"tangent","","[접촉] 접선, 본론에서 벗어남"
"tangential","","[벗어남] 관계없는, 주변의"
"tangible","","[만질 수 있음] 실질적인, 명백한"
"tantamount to","synonymous with","[같다] ~와 마찬가지의"
"tarnish","","[흐리게 하다] 흐리게 하다, 더럽히다"
"taxing","","[힘든] 고된, 부담스러운"
"tedious","boring","[지루함] 지루한, 장황한"
"teem","","[가득하다] 풍부하다, 바글거리다"
"temerity","","[무모] 무모함, 뻔뻔스러움"
"temper","moderate","[누그러뜨리다] 완화시키다"
"temperance","","[절제] 절제, 금주"
"temperate","","[온화] 온화한, 절제된"
"tempestuously","","[격렬] 격렬하게, 폭풍우처럼"
"tenacious","","[고집] 끈질긴, 집요한"
"tendentious","","[편향] 편향적인, 선동적인"
"tenor","","[진행] 경향, 취지"
"tentative","","[시험적] 잠정적인, 임시의"
"tenuous","","[얇다] 희박한, 빈약한"
"tepid","","[미지근] 미지근한"
"terse","laconic, brief","[간결] 간결한, 간단명료한"
"theoretical","conceptual","[이론] 이론적인, 개념상의"
"thoughtful","","[생각깊다] 사려 깊은, 생각이 많은"
"thrive","","[번성] 번영하다, 잘 자라다"
"thwart","","[방해] 좌절시키다, 막다"
"tilt","list[기울기]","[기울다] 기울다, 기울기"
"timely","opportune","[적절한 때] 시기적절한"
"timid","diffident","[겁 많음] 소심한, 겁 많은"
"timorous","","[겁 많음] 겁 많은, 두려워하는"
"tonic","","[회복] 강장제, 활력 주는 것"
"torpid","","[무기력] 무기력한, 둔한"
"torpor","","[무기력] 무기력, 활기 없음"
"torrid","","[뜨겁다] 무더운, 열렬한"
"tout","","[과대선전] 광고하다, 과시하다"
"tractable","","[다루기 쉬움] 다루기 쉬운, 유순한"
"trammel","","[속박] 구속, 방해"
"transcend","","[넘다] 초월하다, 능가하다"
"transient","","[잠깐] 일시적인, 순식간의"
"transitional","","[과도] 과도기의, 변천하는"
"transitory","ephemeral","[덧없음] 일시적인, 순간의"
"transparent","","[투명] 투명한, 명백한"
"trenchant","profound","[날카로운] 신랄한, 통찰력 있는"
"trendy","","[유행] 유행의, 최신식의"
"trepidation","apprehension","[두려움] 공포, 불안"
"trespass","","[침입] 무단 침입, 불법 침해"
"trickster","","[속임수] 사기꾼, 협잡꾼"
"trifling","minimal","[사소] 하찮은, 사소한"
"trivialize","","[사소화] 경시하다, 사소하게 만들다"
"truculent","","[호전적] 공격적인, 반항적인"
"truncate","","[잘라내다] 줄이다, 생략하다"
"turbulence","","[격동] 난기류, 소란"
"ubiquitous","","[어디든] 아주 흔한, 어디에나 있는"
"unabated","undiminished","[약하지 않음] 줄지 않은, 계속되는"
"unalloyed","unqualified","[순수] 순전한, 완전한"
"unassailable","","[공격 불가] 난공불락의, 논박할 수 없는"
"unassuming","modest","[겸손] 겸손한, 드러내지 않는"
"unavoidable","inevitable","[피할 수 없음] 불가피한"
"uncanny","","[이상/괴이] 이상한, 섬뜩한"
"uncertain","conjectural","[확실치 않음] 불확실한"
"unconventional","quirky,original","[비정형] 독창적인, 관습에 얽매이지 않는"
"unctuous","","[기름기] (말투·행동이) 번드르르한, 아부하는"
"undercut","","[약화] 약화시키다, 싸게 팔다"
"underemphasized","","[덜 강조] 강조되지 않은"
"undergrid","support","[받치다] 뒷받침하다"
"undermine","subvert,impair","[약화하다] 손상시키다, 약화시키다"
"undeserved","unexpected 가능","[받을 자격 없음] 부당한, 과분한"
"undeveloped","sketchy","[미발달] 미발달의, 불완전한"
"undiminished","","[줄지 않음] 줄지 않은"
"undistinguished","","[평범] 특별할 것 없는"
"unearth","","[밝히다] 발굴하다, 드러내다"
"unencumbered","","[방해 없음] 방해받지 않는"
"unequivocal","","[명백] 명확한, 분명한"
"unexceptional","nondescript","[특별X] 평범한"
"unexplored","","[탐험X] 탐구되지 않은"
"unfamiliarity","ignorance","[익숙X] 생소, 무지"
"unfathomable","","[헤아릴 수 없음] 불가해한, 측량할 수 없는"
"unfazed","","[동요 없음] 동요하지 않는, 당황하지 않는"
"unfeeling","","[감정X] 감정 없는, 냉혹한"
"unflagging","unfatigued","[지치지 않음] 꾸준한, 끈질긴"
"unfortunate","","[불운] 불행한, 불운한"
"unfounded","baseless","[근거 없음] 근거 없는"
"ungainly","","[어색] 어색한, 서투른"
"unimpeachable","blameless","[비난 불가] 의심할 여지 없는, 확실한"
"unique","singular","[유일] 독특한, 유일한"
"unkempt","","[단정치 못함] 흐트러진, 단정치 못한"
"unlinked","estranged","[떨어진] 분리된, 소원해진"
"unobtrusive","","[튀지 않음] 조심스러운, 나서지 않는"
"unorthodox","","[비정통] 정통이 아닌, 이단의"
"unostentatious","modest","[허세X] 수수한, 겸손한"
"unprecedented","abnormal","[전례 없음] 전례 없는"
"unprepossessing","unremarkable","[매력X] 매력 없는, 평범한"
"unremarkable","","[평범] 평범한, 특별치 않은"
"unremitting","incessant","[끊임없음] 끊임없는"
"untenable","","[방어 불가] 유지할 수 없는"
"unwarranted","groundless","[정당 근거X] 정당성 없는"
"unwillingly","reluctantly","[마지못해] 마지못해"
"unwitting","","[무의식] 무의식적인, 의도치 않은"
"upend","","[뒤엎다] 뒤집다, 거꾸로 세우다"
"uprightness","","[정직] 정직, 고결"
"utilitarian","functional","[실용] 실용적인"
"vacant","","[비다] 텅 빈"
"vacillate","","[흔들리다] 망설이다, 흔들리다"
"vacillate","fluctuate","[흔들리다] 동요하다, 오락가락하다"
"vacillation","irresolution","[주저] 망설임"
"vacuous","","[공허] 멍청한, 공허한"
"vacuousness","paucity","[공허] 공허함, 부족함"
"vainglorious","","[허영] 허영심 강한, 자만심 강한"
"valorize","exalt","[가치 높이다] 칭송하다, 높이 평가하다"
"vanish","","[사라지다] 사라지다"
"vapid","","[김빠진] 맛없는, 흥미롭지 못한"
"variety","","[다양] 다양성, 종류"
"varnish","","[칠하기] 니스칠하다, 겉치레하다"
"vary","","[바꾸다] 변하다, 달라지다"
"vehement","","[격렬] 격렬한, 맹렬한"
"velocity","","[속도] 속도"
"venerable","respected","[존경] 존경할 만한, 유서 깊은"
"veneration","","[존경] 존경, 숭배"
"venomous","","[독] 독이 있는, 원한 품은"
"veracious","","[진실] 정직한, 진실한"
"veracity","truth","[진실] 진실성"
"verbose","prolix","[말 많음] 장황한"
"verisimilitude","realism","[그럴듯함] 사실성, 진실처럼 보임"
"versatile","","[다재] 다재다능한, 융통성 있는"
"vestige","relic","[자취] 흔적, 유물"
"vex","","[괴롭히다] 괴롭히다, 성가시게 하다"
"vicarious","","[대리] 대리의, 간접적인"
"vigor","","[힘] 힘, 활력"
"vigorous","spirited","[활력] 활기찬, 강력한"
"vilify","censure","[비난] 비방하다, 헐뜯다"
"vindication","","[정당화] 옹호, 변호"
"vindictive","","[보복] 보복심 있는, 앙심 깊은"
"virtue","merit","[미덕] 미덕, 장점"
"virtuoso","","[대가] 거장, 명연주자"
"visceral","","[내장] 본능적인, 감정적인"
"visibility","","[보임] 가시성, 시야"
"visible","salient","[눈에 보임] 뚜렷한, 분명한"
"vitiate","","[손상] 손상시키다, 해치다"
"vitriol","opprobrium","[독설] 신랄한 비난"
"vitriolic","","[신랄] 신랄한, 독설의"
"vituperation","","[욕설] 욕설, 혹평"
"vivacity","","[활력] 생기, 활기"
"vociferous","","[큰 소리] 떠들썩한, 큰소리치는"
"volatile","","[변하기 쉬움] 휘발성의, 변덕스러운"
"volatile","capricious","[변덕] 변덕스러운, 불안정한"
"voluble","","[말 많음] 유창한, 수다스러운"
"voracious","","[게걸] 게걸스러운, 열성적인"
"vulnerable","","[상처 받기 쉬움] 취약한"
"waggish","","[익살] 익살맞은, 장난기 많은"
"wane","","[줄다] 줄어들다, 기울다"
"waning","","[줄어감] 쇠퇴하는, 약해지는"
"waning","declining, ebbing","[쇠퇴] 줄어드는"
"warbling","","[지저귀다] 지저귀다, 떨리는 소리 내다"
"wary","","[조심] 조심하는, 경계하는"
"wayward","errant","[제멋대로] 고집 센, 제멋대로인"
"wealth","profusion","[풍부] 풍요, 부"
"wearisome","","[지루함] 지루한, 피곤하게 하는"
"weaving","","[짜다] 짜다, 엮다"
"well-defined","","[명확] 뚜렷하게 정의된"
"wherewithal","","[수단] 필요한 수단, 자금"
"whimsical","","[기발] 엉뚱한, 기발한"
"whimsy","","[엉뚱] 기발한 생각, 변덕"
"winning","","[매력 있다] 매력적인, 마음을 끄는"
"winnow","","[거르다] 가려내다"
"wistful","","[그리움] 아쉬운, 그리워하는"
"withdrawn","","[내성적] 내성적인, 소극적인"
"witless","dense[아둔한]","[어리석음] 어리석은, 바보 같은"
"workaday","quotidian","[평범] 평범한, 일상적인"
"yield","engender","[낳다] 산출하다, 생기게 하다"
"zeal","","[열정] 열정, 열의"
"zealous","impassioned","[열성] 열성적인, 열렬한"
"zenith","","[정점] 절정, 정점"
"meretricious","showy","[겉치레] 겉만 번지르르한, 속빈"
"complacency","","[자족] 자기만족, 안일함"
"risible","facetious","[우스움] 우스꽝스러운"
"sycophantic","obsequious","[아첨] 아부하는, 알랑거리는"
"maundering","","[중얼거림] (의미 없는) 지껄임"
"screed","tedious speech","[장광설] 지루한 긴 이야기"
"irenic","","[평화] 평화적인"
"simmer with","","[끓어오름] 부글부글 끓다(감정 차오름)"
"squelch","","[짓누르다] 진압하다, 억누르다"
"sparingly","","[아껴] 조금씩, 절약하여"
"catholic","","[보편] 보편적인, 전반적인"
"underscore","highlight","[강조] 강조하다"
"nebulous","vague","[흐리다] 흐릿한, 모호한"
"approbation","adulation","[찬성] 승인, 칭찬"
"redemptive","","[구원] 구원하는, 속죄하는"
"decry","","[헐뜯다] 비난하다, 매도하다"